{
    "$schema": "http://schema.management.azure.com/schemas/2015-01-01/deploymentTemplate.json#",
    "contentVersion": "1.0.0.0",
    "parameters": {
        "factoryName": {
            "type": "string",
            "metadata": "Data Factory name",
            "defaultValue": "datasource"
        },
        "AzureBlobdqs_connectionString": {
            "type": "secureString",
            "metadata": "Secure string for 'connectionString' of 'AzureBlobdqs'"
        }
    },
    "variables": {
        "factoryId": "[concat('Microsoft.DataFactory/factories/', parameters('factoryName'))]"
    },
    "resources": [
        {
            "name": "[concat(parameters('factoryName'), '/pipeline1')]",
            "type": "Microsoft.DataFactory/factories/pipelines",
            "apiVersion": "2018-06-01",
            "properties": {
                "activities": [
                    {
                        "name": "knmtcleandata",
                        "type": "ExecuteDataFlow",
                        "dependsOn": [],
                        "policy": {
                            "timeout": "7.00:00:00",
                            "retry": 0,
                            "retryIntervalInSeconds": 30,
                            "secureOutput": false,
                            "secureInput": false
                        },
                        "userProperties": [],
                        "typeProperties": {
                            "dataflow": {
                                "referenceName": "knmtcleandata",
                                "type": "DataFlowReference",
                                "parameters": {},
                                "datasetParameters": {
                                    "knmtcsv": {},
                                    "kna1csv1": {},
                                    "knmtcsvoutput": {}
                                }
                            },
                            "staging": {},
                            "compute": {
                                "coreCount": 8,
                                "computeType": "General"
                            }
                        }
                    }
                ],
                "annotations": []
            },
            "dependsOn": [
                "[concat(variables('factoryId'), '/dataflows/knmtcleandata')]"
            ]
        },
        {
            "name": "[concat(parameters('factoryName'), '/inputdqs')]",
            "type": "Microsoft.DataFactory/factories/datasets",
            "apiVersion": "2018-06-01",
            "properties": {
                "linkedServiceName": {
                    "referenceName": "AzureBlobdqs",
                    "type": "LinkedServiceReference"
                },
                "annotations": [],
                "type": "DelimitedText",
                "typeProperties": {
                    "location": {
                        "type": "AzureBlobStorageLocation",
                        "fileName": "KNMT.csv",
                        "container": "inputdata"
                    },
                    "columnDelimiter": ",",
                    "escapeChar": "\\",
                    "firstRowAsHeader": true,
                    "quoteChar": "\""
                },
                "schema": [
                    {
                        "name": "vkorg",
                        "type": "String"
                    },
                    {
                        "name": "kunnr",
                        "type": "String"
                    },
                    {
                        "name": "matnr",
                        "type": "String"
                    },
                    {
                        "name": "werks",
                        "type": "String"
                    }
                ]
            },
            "dependsOn": [
                "[concat(variables('factoryId'), '/linkedServices/AzureBlobdqs')]"
            ]
        },
        {
            "name": "[concat(parameters('factoryName'), '/kna1csv1')]",
            "type": "Microsoft.DataFactory/factories/datasets",
            "apiVersion": "2018-06-01",
            "properties": {
                "linkedServiceName": {
                    "referenceName": "AzureBlobdqs",
                    "type": "LinkedServiceReference"
                },
                "annotations": [],
                "type": "DelimitedText",
                "typeProperties": {
                    "location": {
                        "type": "AzureBlobStorageLocation",
                        "fileName": "KNA1.csv",
                        "container": "inputdata"
                    },
                    "columnDelimiter": ",",
                    "escapeChar": "\\",
                    "firstRowAsHeader": true,
                    "quoteChar": "\""
                },
                "schema": [
                    {
                        "name": "kunnr",
                        "type": "String"
                    },
                    {
                        "name": "aufsd",
                        "type": "String"
                    }
                ]
            },
            "dependsOn": [
                "[concat(variables('factoryId'), '/linkedServices/AzureBlobdqs')]"
            ]
        },
        {
            "name": "[concat(parameters('factoryName'), '/outputdqs')]",
            "type": "Microsoft.DataFactory/factories/datasets",
            "apiVersion": "2018-06-01",
            "properties": {
                "linkedServiceName": {
                    "referenceName": "AzureBlobdqs",
                    "type": "LinkedServiceReference"
                },
                "annotations": [],
                "type": "DelimitedText",
                "typeProperties": {
                    "location": {
                        "type": "AzureBlobStorageLocation",
                        "container": "outputdata"
                    },
                    "columnDelimiter": ",",
                    "escapeChar": "\\",
                    "firstRowAsHeader": true,
                    "quoteChar": "\""
                },
                "schema": []
            },
            "dependsOn": [
                "[concat(variables('factoryId'), '/linkedServices/AzureBlobdqs')]"
            ]
        },
        {
            "name": "[concat(parameters('factoryName'), '/AzureBlobdqs')]",
            "type": "Microsoft.DataFactory/factories/linkedServices",
            "apiVersion": "2018-06-01",
            "properties": {
                "annotations": [],
                "type": "AzureBlobStorage",
                "typeProperties": {
                    "connectionString": "[parameters('AzureBlobdqs_connectionString')]"
                }
            },
            "dependsOn": []
        },
        {
            "name": "[concat(parameters('factoryName'), '/integrationRuntime1')]",
            "type": "Microsoft.DataFactory/factories/integrationRuntimes",
            "apiVersion": "2018-06-01",
            "properties": {
                "type": "Managed",
                "typeProperties": {
                    "computeProperties": {
                        "location": "AutoResolve",
                        "dataFlowProperties": {
                            "computeType": "General",
                            "coreCount": 8,
                            "timeToLive": 0
                        }
                    }
                }
            },
            "dependsOn": []
        },
        {
            "name": "[concat(parameters('factoryName'), '/knmtcleandata')]",
            "type": "Microsoft.DataFactory/factories/dataflows",
            "apiVersion": "2018-06-01",
            "properties": {
                "type": "MappingDataFlow",
                "typeProperties": {
                    "sources": [
                        {
                            "dataset": {
                                "referenceName": "inputdqs",
                                "type": "DatasetReference"
                            },
                            "name": "knmtcsv"
                        },
                        {
                            "dataset": {
                                "referenceName": "kna1csv1",
                                "type": "DatasetReference"
                            },
                            "name": "kna1csv1"
                        }
                    ],
                    "sinks": [
                        {
                            "dataset": {
                                "referenceName": "outputdqs",
                                "type": "DatasetReference"
                            },
                            "name": "knmtcsvoutput"
                        }
                    ],
                    "transformations": [
                        {
                            "name": "knmtcsv1"
                        },
                        {
                            "name": "customeractive"
                        },
                        {
                            "name": "knmtactivecust"
                        }
                    ],
                    "script": "source(output(\n\t\tvkorg as string,\n\t\tkunnr as string,\n\t\tmatnr as string,\n\t\twerks as string\n\t),\n\tallowSchemaDrift: true,\n\tvalidateSchema: false) ~> knmtcsv\nsource(output(\n\t\tkunnr as string,\n\t\taufsd as string\n\t),\n\tallowSchemaDrift: true,\n\tvalidateSchema: false) ~> kna1csv1\nknmtcsv filter(werks!=\"X\") ~> knmtcsv1\nknmtcsv1, kna1csv1 lookup(knmtcsv@kunnr == aufsd,\n\tmultiple: false,\n\tpickup: 'any',\n\tbroadcast: 'auto')~> customeractive\ncustomeractive filter(isNull(aufsd),\n\tpartitionBy('roundRobin', 2)) ~> knmtactivecust\nknmtactivecust sink(allowSchemaDrift: true,\n\tvalidateSchema: false,\n\tpartitionFileNames:['knmtdqsoutput'],\n\tpartitionBy('hash', 1),\n\tskipDuplicateMapInputs: true,\n\tskipDuplicateMapOutputs: true) ~> knmtcsvoutput"
                }
            },
            "dependsOn": [
                "[concat(variables('factoryId'), '/datasets/inputdqs')]",
                "[concat(variables('factoryId'), '/datasets/kna1csv1')]",
                "[concat(variables('factoryId'), '/datasets/outputdqs')]"
            ]
        }
    ]
}